feature	metadata	value	coef	stderr	N	N.not.0	pval	qval
k__Bacteria.p__Firmicutes	Weight_g	Weight_g	0.184651706036239	0.0435627155286983	72	72	0.000186917721051494	0.00560753163154481
k__Bacteria.p__Bacteroidetes	Weight_g	Weight_g	-0.415465584422687	0.130659976451223	72	72	0.00323503441065207	0.0378384791810324
k__Bacteria.p__Verrucomicrobia	Weight_g	Weight_g	-0.472396552609362	0.157470001353457	72	72	0.00378384791810324	0.0378384791810324
