feature	metadata	value	coef	stderr	N	N.not.0	pval	qval
k__Bacteria.__	Day	D5	-0.343036020611509	0.120006655886803	36	36	0.0108237044689995	0.108237044689995
Unassigned.__	Day	D5	-0.779212449718991	0.275970582117566	36	18	0.00799118189947881	0.108237044689995
k__Bacteria.p__Firmicutes	Day	D5	-0.199862514630443	0.0790080314946292	36	36	0.0163749692131217	0.109166461420812
k__Bacteria.p__Bacteroidetes	Day	D5	0.573057057842886	0.232588859264228	36	36	0.0245819131510566	0.122909565755283
