feature	metadata	value	coef	stderr	N	N.not.0	pval	qval
k__Bacteria.p__Firmicutes.c__Clostridia.__	AUC	AUC	-0.549304308376482	0.174606259137758	18	18	0.00714881534501345	0.20731564500539
