feature	metadata	value	coef	stderr	N	N.not.0	pval	qval
k__Bacteria.p__Cyanobacteria	Weight_g	Weight_g	0.182333721625587	0.0474506959458896	18	18	0.00159791313906941	0.0319582627813882
k__Bacteria.p__Bacteroidetes	Day_Num	Day_Num	0.5064220630748	0.190800982244479	18	18	0.0245739493669411	0.16382632911294
k__Bacteria.p__Verrucomicrobia	Weight_g	Weight_g	-0.624771499821184	0.236861774343689	18	18	0.0198639068738026	0.16382632911294
