feature	metadata	value	coef	stderr	N	N.not.0	pval	qval
k__Bacteria.p__Verrucomicrobia	Lean_mass_percentage	Lean_mass_percentage	-0.846241653583062	0.248672039298187	36	36	0.00203446398917484	0.0406892797834968
k__Bacteria.p__Firmicutes	Day	D5	-0.235756863546858	0.0806737135740631	36	36	0.00622827137165614	0.0461939945830683
k__Bacteria.__	Day	D5	-0.379268595001966	0.132520676444278	36	36	0.00923879891661365	0.0461939945830683
Unassigned.__	Day	D5	-0.819801906053539	0.28810514845643	36	18	0.00756307409296413	0.0461939945830683
k__Bacteria.p__Bacteroidetes	Day	D5	0.622775589339502	0.243599172892743	36	36	0.0187483663058583	0.0624945543528611
k__Bacteria.p__Verrucomicrobia	Day	D5	0.81431259920527	0.320774411787278	36	36	0.0184249659982476	0.0624945543528611
