feature	metadata	value	coef	stderr	N	N.not.0	pval	qval
k__Bacteria.p__Firmicutes.c__Clostridia.__	AUC	AUC	-0.586811717646858	0.172141209518659	18	18	0.00439293765165112	0.127395191897882
k__Bacteria.p__Proteobacteria.c__Gammaproteobacteria.o__Pasteurellales	AUC	AUC	-0.355181609543834	0.130543316092146	18	3	0.017157938079309	0.24879010214998
