feature	metadata	value	coef	stderr	N	N.not.0	pval	qval
Unassigned	Antibiotics	Non_ABX	-8.26217286623515	0.437700001306348	60	44	1.92148304311729e-25	5.76444912935186e-25
k__Archaea	Antibiotics	Non_ABX	-5.34276002710117	0.497579961519459	60	25	5.18702147395245e-15	7.78053221092867e-15
k__Bacteria	Antibiotics	Non_ABX	0.00280117253098047	0.000329533906113795	60	60	1.54895979038302e-11	1.54895979038302e-11
