feature	metadata	value	coef	stderr	N	N.not.0	pval	qval
k__Bacteria.p__Bacteroidetes	Day_Num	Day_Num	0.34477034240259	0.142460903953623	30	30	0.023820686033047	0.23820686033047
