feature	metadata	value	coef	stderr	N	N.not.0	pval	qval
k__Bacteria.p__Bacteroidetes	Day_Num	Day_Num	0.366972878273943	0.151136999721979	24	24	0.0265708243907386	0.132854121953693
k__Bacteria.p__Firmicutes	Day_Num	Day_Num	-0.11609758022889	0.0474484204701597	24	24	0.0255782876831655	0.132854121953693
k__Bacteria.p__Verrucomicrobia	Day_Num	Day_Num	0.362979719307601	0.166777280244391	24	24	0.0439103172733898	0.146367724244633
k__Bacteria.__	Day_Num	Day_Num	-0.134174747553848	0.075163742317533	24	24	0.0920986917960368	0.230246729490092
