feature	metadata	value	coef	stderr	N	N.not.0	pval	qval
k__Bacteria.p__Verrucomicrobia	Weight_g	Weight_g	-0.558851657415753	0.178062387667782	24	24	0.00523339813211633	0.0523339813211633
